0,0
0.303821468208173,-0.232118902361766
0.607636591205375,-0.464244226382832
0.911449038511202,-0.696372073198624
1.2152626325419,-0.928498161702931
1.51908088992043,-1.16061851658287
1.8229057218549,-1.39273122663032
2.12673689900034,-1.62483652119025
2.43057411556346,-1.85693462960762
2.7344172186476,-2.08902578122743
3.03826590245946,-2.32111051118794
3.34211993765407,-2.55318889593747
3.64597909488645,-2.78526131771766
3.94984314481162,-3.01732815877013
4.25371170518797,-3.24938957199152
4.55758469956718,-3.4814460160718
4.86146174570759,-3.71349772035593
5.16534261426426,-3.9455449906372
5.46922715234053,-4.1775880562606
5.7731150541431,-4.40962737591608
6.07700601387867,-4.64166317894861
6.38089980220225,-4.8736957711515
6.68479626621721,-5.10572538186971
6.98869502368193,-5.33775246979319
7.29259592169973,-5.56977718781861
7.59649865447734,-5.8017999946359
7.90040299266978,-6.03382104314172
8.20430870693206,-6.26584071557767
8.50821556791922,-6.49785931773709
8.81212319338962,-6.72987707896494
9.11603150689496,-6.96189438150282
9.41994012619359,-7.19391153114407
9.72384882194054,-7.42592883368196
10.0277574412392,-7.65794659490979
10.3316656018479,-7.88996504417256
10.6355731508699,-8.12198448726356
10.9394798589604,-8.35400538287271
11.2433853438778,-8.5860278838967
11.5472894527252,-8.81805229612882
11.8511919561578,-9.05007900181068
12.1550926248307,-9.28210823028726
12.458991535192,-9.51413982866192
12.7628886107936,-9.74617379693466
13.0667841574287,-9.97820990576049
13.3706780222006,-10.2102482315877
13.6745704344543,-10.4422885450715
13.9784613941899,-10.6743307697633
14.2823509014073,-10.9063748292149
14.5862391854515,-11.1384205705297
14.8901261698741,-11.3704679172593
15.1940120075719,-11.6025168694037
15.4978966985448,-11.834567197618
15.8017803956895,-12.0666188254538
16.105663099006,-12.2986717529111
16.4095448849426,-12.530725750645
16.7134259063959,-12.7627807422071
17.0173060869176,-12.9948366511491
17.3211856558528,-13.2268934010226
17.625064536753,-13.4589508389311
17.928942882515,-13.6910089648746
18.232820769587,-13.9230675495079
18.536698197969,-14.1551265928313
18.8405752441094,-14.3871858654996
19.1444520609049,-14.6192454439612
19.4483286483553,-14.8513050988711
19.7522050829092,-15.083364753781
20.0560814410147,-15.3154244086909
20.3599577991201,-15.5474837578075
20.663834233674,-15.7795428775792
20.9677108211244,-16.0116016151092
21.2715875614716,-16.2436598939493
21.575464607612,-16.4757174847544
21.8793419595457,-16.707774463973
22.1832196937211,-16.9398306787083
22.4870979630347,-17.1718859760637
22.7909766910382,-17.4039402795908
23.0948561070767,-17.6359934363931
23.3987362111502,-17.8680454464706
23.7026170032585,-18.1000962333748
24.0064986362984,-18.3321455677608
24.3103811102699,-18.5641933731804
24.614264654518,-18.7962396496334
24.9181491161459,-19.028284167775
25.2220347244987,-19.2603270040534
25.5259214795764,-19.4923678526754
25.8298094578273,-19.724406713641
26.1336986592514,-19.9564435105017
26.4375893131937,-20.188478090361
26.7414814196541,-20.4205103767706
27.0453749786327,-20.6525402932821
27.3492701430262,-20.8845676869989
27.6531669128344,-21.116592557921
27.9570654409541,-21.3486146767034
28.2609657273854,-21.5806339668977
28.5648678485764,-21.8126503520557
28.8687718809755,-22.0446638321773
29.1726779010311,-22.2766741014693
29.4765859851914,-22.50868123638
29.7804962099049,-22.7406850840127
30.0844085751715,-22.9726854914708
30.3883232338878,-23.2046824587542
30.6922401860538,-23.4366757565181
30.9961595845663,-23.6686653847623
31.3000814294251,-23.9006511905903
31.6040057970787,-24.1326330975538
31.9079327639753,-24.3646110292043
32.2118624065633,-24.5965848326453
32.515794801291,-24.8285545078767
32.8197297952617,-25.0605201313469
33.1236562270201,-25.2925008915855
33.4275455813408,-25.5245459448653
33.7313677375839,-25.7567069702542
34.0350924222127,-25.9890355703713
34.3386896674838,-26.2215835007328
34.6421293527571,-26.4544023639579
34.9453812809443,-26.687543992011
35.2484153314053,-26.9210599875115
35.5514030541814,-27.1546756716277
35.8585293070294,-27.3816187165962
36.1776665855575,-27.5891466391636
36.5124901429881,-27.7714414924553
36.8550255016477,-27.9418922067604
37.1978620667077,-28.112706279954
37.5402965135784,-28.2843584561342
37.882737535005,-28.4553778695287
38.2255953526993,-28.6242909022255
38.5700189849856,-28.7880299887371
38.9191285173504,-28.9392778776396
39.2763687877651,-29.0700166686108
39.6451845577525,-29.1722285377769
40.027245993868,-29.2354541311098
40.4082636045544,-29.2272796646181
40.7651490018447,-29.1042980851809
41.0548599440244,-28.8570898124378
41.2056914189008,-28.5273540439302
41.2025543618859,-28.1549487957408
41.1148154602569,-27.7710591743821
41.0071378416492,-27.40001914038
40.8944422314392,-27.0386865146817
40.7777798705434,-26.6779808416964
40.657936724191,-26.3163054981573
40.5356253672187,-25.954135381059
40.4115586038087,-25.5919450816029
40.2863568885662,-25.2301309079057
40.1602347354912,-24.8687439274483
40.0332948911324,-24.5077398766507
39.9056400255902,-24.1470744919327
39.77737303831,-23.7867037390591
39.6485964464956,-23.4265833544497
39.5194132260407,-23.0666692274211
39.3899258941491,-22.7069171708414
39.2602374267146,-22.3472829211305
39.1304503409408,-21.9877224440531
39.0006675362732,-21.6281914760292
38.8709916828123,-21.268645829927
38.7415256035551,-20.9090413950628
38.6123718921536,-20.5493339843049
38.4836334480534,-20.1894794105214
38.3554128649064,-19.8294334865806
38.2278130421582,-19.4691520253505
38.100861806999,-19.1086123981271
37.973989695856,-18.7479639849372
37.8463405639382,-18.3874385771022
37.717056813936,-18.0272685775299
37.5853290109847,-17.6676734693614
37.4525045568118,-17.3083028134749
37.3228991887065,-16.9480219638314
37.2010449927176,-16.5856388616998
37.0914739019971,-16.2199616776938
36.9982122204761,-15.8500795300216
36.923139506672,-15.476275430382
36.8675654732881,-15.0991491923329
36.8327997565794,-14.7193004765351
36.8200488640104,-14.3373553183219
36.8288629736371,-13.9543584605021
36.857458546038,-13.5716922416878
36.9040141998709,-13.1907485565316
36.9667581687565,-12.812880234592
37.0447041928543,-12.4388216384786
37.1374948762452,-12.068811898552
37.2447904825731,-11.7030763080258
37.3662511990335,-11.3418401601136
37.5015372128219,-10.9853287480291
37.6503087875822,-10.633767364986
37.8122261869582,-10.2873813806463
37.9869495981455,-9.94639601177526
38.1743112935191,-9.61127224177251
38.3754550929171,-9.28426728388089
38.5921284521516,-8.96846544577103
38.8260821907608,-8.66695523977148
39.0790119325925,-8.38276302572256
39.3503966058636,-8.11640567074934
39.6367891556016,-7.86508868278111
39.9345424615675,-7.62579051822203
40.2400094035222,-7.39549001571784
40.5500618689049,-7.17154366863965
40.8636661234653,-6.95283303799322
41.1803163850856,-6.73862391406563
41.4995068716478,-6.52818224004056
41.8207320303789,-6.32077395910171
42.1434859262643,-6.11566493798448
42.4672628536343,-5.91212111987253
42.7915571832677,-5.70940829505294
43.1158638975297,-5.50679362988261
43.439851440035,-5.30379167749802
43.7635736304044,-5.10046696028542
44.087135890878,-4.89695815550631
44.4106437965924,-4.69340378752553
44.734202999133,-4.4899423807079
45.057918997188,-4.28671268876324
45.3818974423427,-4.08385315960805
45.7062437568371,-3.88150254695213
46.0310458562449,-3.6797753703863
46.3562629936089,-3.47861253535535
46.6817975444182,-3.27787804028917
47.0075516548167,-3.07743557782435
47.3334274709487,-2.87714899349413
47.6593272154063,-2.67688190348677
47.9851529578854,-2.47649800043887
48.3108068445299,-2.27586105343535
48.6361910979323,-2.07483475511278
48.9612078642366,-1.87328279810776
49.2857592895868,-1.67106895150521
49.6097475201271,-1.46805690794173
49.9330747784497,-1.2641104365022
50.2556430578021,-1.05909315337492
50.5773546572249,-0.852868827644776
50.8981117228622,-0.645301151948389
51.2178163244098,-0.436253895370649
51.5362052502847,-0.225391296868329
51.8506657260848,-0.009546637476462
52.1568390505621,0.216550965466203
52.4503250110285,0.458222238928806
52.7267319570082,0.720771320593964
52.9831330643798,1.00660426859326
53.2197295451346,1.31193926073906
53.4371248059017,1.63219918291915
53.6359221004133,1.96280661522803
53.8169330805356,2.29956362724531
53.9824154182013,2.64090860903693
54.1352413534277,2.98639953638798
54.2782851138884,3.33559828394808
54.4144210801537,3.68806703216016
54.5465235563457,4.0433677321222
54.6774669994828,4.4010624878288
54.8101255607905,4.76071317392959
54.9473654408684,5.12184665174136
55.0917711282383,5.48279007901728
55.245583781995,5.84040616939749
55.4110233085987,6.19146872712019
55.5903099967514,6.5327514799753
55.7856637529134,6.86102800285604
55.9993049422348,7.17307217644897
56.2334533947277,7.46565765209563
56.490329399094,7.73555815758593
56.7719037931512,7.97980948556772
57.076818166613,8.19894769169567
57.4013423763596,8.39600265243304
57.7416950588932,8.57405791096722
58.0940950036128,8.73619693403731
58.4547610763657,8.88550318838237
58.819911837206,9.02506029363815
59.1857662284293,9.15795164009539
59.5485454093326,9.287274302295
59.9048261003723,9.41804275521632
60.2519056239161,9.55915848892145
60.5871683005253,9.71999307422269
60.9079986801063,9.90991808193233
61.2128226151997,10.1358993305244
61.506906095774,10.3891037511877
61.7978483911239,10.6546701717908
62.0799369001665,10.9285238966133
62.3322085748169,11.2190976345885
62.5445233857002,11.5302740432448
62.720438702722,11.8597706813919
62.8642890694594,12.2049553567532
62.9804087236962,12.5631958006034
63.0731322854578,12.931859667769
63.1467940689764,13.3083147659733
63.2057285413807,13.6899287500428
63.2542700933512,14.074069504149
63.2965595484095,14.4584847841902
63.336064602576,14.8422433731198
63.3761071649153,15.2247002764204
63.4200087622505,15.605210958264
63.4710913800944,15.9831305770296
63.5326765452702,16.3578143675446
63.6080861668424,16.728617564636
63.7006419245307,17.0948955560279
63.8136531134262,17.4560025827192
63.9489420322509,17.8111934264383
64.105454535052,18.1595298368928
64.2818072893893,18.5000515466729
64.4766172686158,18.831798135472
64.6885011402912,19.1538093358804
64.9160757248722,19.4651249569364
65.1579579192634,19.7647845018853
65.4127644674729,20.0518278562137
65.6791953657347,20.3254542237177
65.9564625847152,20.5858475390672
66.2439734969991,20.8335667924143
66.541135628068,21.0691715090495
66.8473566563001,21.293221214263
67.1620441836253,21.5062755862421
67.4846058119734,21.7088942267253
67.8144491432743,21.9016366610031
68.1509818559061,22.085062414366
68.4936523752043,22.2592912048908
68.8420451280743,22.4229818231643
69.1957726744052,22.5744904773033
69.5544474976379,22.7121731460793
69.9176821576612,22.834385808264
70.2850892143645,22.9394845955257
70.6562811511884,23.0258256395328
71.030870528022,23.0917648426085
71.4084324450751,23.1357619239016
71.7881088463484,23.1574772235041
72.1687624101114,23.1573442034186
72.5492515335273,23.1358089396214
72.9284343079664,23.0933175080885
73.30516920704,23.0303160612445
73.6783142456701,22.9472506750655
74.0467278974681,22.8445675784242
74.4092681773559,22.722712847297
74.7651240450538,22.5826465197487
75.1154249481149,22.4283452847471
75.4620063343732,22.2648837821035
75.8067047983877,22.0973377983537
76.1513230681093,21.9306798383467
76.4967873914433,21.7671967008271
76.8430892061772,21.6063113538381
77.190174616242,21.4473070943331
77.5379892668786,21.2894815915508
77.8864753631534,21.1324985493095
78.2355709819232,20.9764104876086
78.5852138942513,20.821288426942
78.9353419476497,20.6672036171484
79.2858930660784,20.5142270787218
79.6368050970492,20.3624299850528
79.988015888074,20.2118835095319
80.3394632866646,20.0626587491012
80.6913156320325,19.9151741054434
81.0462819470212,19.7736768181484
81.4086113059804,19.6449342458386
81.7793096924182,19.5486767838072
82.1535776040454,19.5272558102558
82.5258032751194,19.596475487404
82.8900241949831,19.7219803967033
83.242202592457,19.8764641138565
83.5817068514801,20.0535579582559
83.9089561382184,20.2494417306548
84.2255984492129,20.4610961809071
84.5334031809449,20.6855815651247
84.8341399592408,20.9199579100743
85.1294244430003,21.1615512826938
85.420033805895,21.4091375924037
85.7064606809309,21.6619849229411
85.9891974717692,21.9193615873876
86.2687024096697,22.1805675484314
86.5446437853502,22.4456315506429
86.8158991080555,22.7153123436473
87.0813113323873,22.9904003266763
87.3397233364987,23.2716861283067
87.5899779985432,23.5599602242188
87.8309184260192,23.8560130900925
88.0613873441832,24.1606352780563
88.2802299246385,24.4746156583756
88.4887166620976,24.796787323818
88.6952470104726,25.1202357527357
88.9095228737879,25.436995870599
89.1412463089646,25.7391029086715
89.3993474741868,26.0188780914007
89.6849629267016,26.2715335366424
89.9947098281293,26.4939577975706
90.3251497621582,26.683059609717
90.6728456885462,26.8357827983946
91.0344519227995,26.9515617224471
91.4067739952113,27.033949317777
91.7866312732215,27.0868848901214
92.1708434300632,27.1143075158724
92.5562708859268,27.119176662586
92.9399874282778,27.099344208779
93.3191360303155,27.0510033336615
93.6908596652395,26.9703463755121
94.0523786719541,26.8543415466594
94.4013124496199,26.7039587470022
94.7354083718935,26.5214547310934
95.0524141182249,26.3090868650726
95.3500772916156,26.0691123621825
95.6261454950673,25.8037886650112
95.8783663315816,25.5153730632496
96.1044874806083,25.2061228465891
96.3022702293993,24.8783031788984
96.4798164949859,24.539937006089
96.6739009031602,24.2150141183277
96.9223403761768,23.9290842338524
97.2265333832443,23.6965958567361
97.5684226771097,23.5250870211651
97.9339554502298,23.4141844299688
98.3116734747625,23.359075737539
98.6929620947609,23.353366653079
99.0713053136952,23.3895741087483
99.4454306491963,23.4578702136826
99.8168620986222,23.5471770704567
100.187150110452,23.6464050086028
100.557832366293,23.7445507442608
100.929719447736,23.8355932838048
101.302511448001,23.9211179361495
101.675814964009,24.003351105863
102.04923651623,24.0845192739614
102.422445312763,24.1665123194862
102.795410544933,24.2496134834813
103.168190466363,24.3336269817865
103.540843560022,24.41835710669
103.913428079533,24.5036077682381
104.286002584314,24.589183258719
104.658625480885,24.6748877175241
105.031355022869,24.7605252075965
105.404246635301,24.8459063664353
105.777298101182,24.9309646075495
106.150456212475,25.0157422068627
106.52366584994,25.1002854920599
106.896871970782,25.1846404850328
107.270019532206,25.2688535134662
107.643053414972,25.3529706757
108.015918499836,25.437038222971
108.388559820453,25.521102253619
108.76093685921,25.6052134528836
109.133136537854,25.6894613417531
109.50531144724,25.7739554706774
109.877614866261,25.858805619451
110.25019992091,25.944121644317
110.623219890081,26.0300130957249
110.996827899767,26.1165899063662
111.37117722886,26.2039617795871
111.74630304359,26.2924572902882
112.116071971293,26.3938487924792
112.46527859303,26.5367378215302
112.781561826242,26.7426992414708
113.068937424991,26.9948966083493
113.335547135885,27.2689637004467
113.586970310577,27.5562532948299
113.828062487978,27.8525587459693
114.063678977655,28.1536734847838
114.298525403355,28.4555204456548
114.534700042252,28.7562778649984
114.772088680551,29.0560372514597
115.010507077786,29.3549508901018
115.249771146392,29.6531709895399
115.489696416561,29.9508496819406
115.730098800726,30.2481392523673
115.970793981975,30.5451919094349
116.211597949191,30.8421597853101
116.452375083045,31.1391547238923
116.693108947147,31.4361899507418
116.933800917567,31.7332640897887
117.174452370374,32.0303756120665
117.415064758088,32.3275229121604
117.655639456777,32.6247046140005
117.896177842512,32.921919112172
118.136681367811,33.2191648777084
118.377151408743,33.5164404580916
118.617589341379,33.8137444008034
118.857996694685,34.1110751004288
119.098374691835,34.4084310280016
119.338724785345,34.7058108074517
119.579048504184,35.003212756916
119.819347071523,35.3006355003247
120.05962201633,35.5980775087113
120.299874638227,35.8955372531094
120.54010638973,36.1930132045522
120.780318723359,36.4905038340735
121.020512938735,36.7880077656034
121.260690564825,37.0855233172786
121.500852824801,37.3830490365811
121.741001324078,37.6805835474409
121.981137285831,37.9781250915466
122.221262239024,38.2756723692767
122.461377483281,38.5732238516647
122.701484547566,38.8707779332957
122.941584655054,39.1683330852033
123.181679411159,39.4658879313175
123.421770039055,39.763440942672
123.661858067708,40.0609905138518
123.901944796739,40.3585351158906
124.142031678666,40.6560733727183
124.382120166009,40.9536037553686
124.62221148194,41.2511247348749
124.862304097492,41.5486389104803
125.102392126144,41.8461540034656
125.342469681376,42.1436781938015
125.58253072377,42.4412196614589
125.822569213908,42.7387865864085
126.062579188821,43.0363871486211
126.302554532643,43.3340295280675
126.542489358852,43.63172182827
126.782377475135,43.9294723056479
127.022213071419,44.2272890637235
127.261990031837,44.5251802824676
127.501702393421,44.823154141851
127.741344040304,45.1212188218444
127.980909009517,45.4193825024187
128.220391338091,45.7176532870962
128.459784986608,46.0160394322961
128.699082004442,46.3145502647141
128.937821561091,46.6134822509542
129.174506416109,46.913788242939
129.407495223961,47.2165129070289
129.635146409763,47.5227006037913
129.856069378486,47.833282626721
130.070769682901,48.1483348890046
130.280619417546,48.46754211775
130.486994958063,48.7905871288568
130.690884322604,49.1172461580779
130.877764699324,49.4510166398322
131.012725654834,49.8002879368527
131.062663841253,50.1695620909965
131.00726777957,50.5464407893695
130.836038897765,50.9037384724762
130.56456951975,51.172607995856
130.218428322947,51.2991730905259
129.836853633316,51.327006014437
129.454570497058,51.311843330112
129.077481565792,51.2675614788085
128.704843379556,51.198383848239
128.335912325495,51.1085340554611
127.969944790751,51.0022355646357
127.606197162467,50.8837119928204
127.243925980683,50.7571868806245
126.882387556094,50.6268836157606
126.520840110602,50.4970158005557
126.158794374929,50.3703498705452
125.796274583192,50.2467083891669
125.433367427793,50.1255564474911
125.070159754028,50.0063591365879
124.706738101402,49.888581394631
124.343189315211,49.7716883891389
123.979600011408,49.6551451347335
123.61605703529,49.5384165695883
123.252636223596,49.4210301666069
122.889342621914,49.3029224736794
122.526152837057,49.1841953199748
122.163043322942,49.0649509169034
121.799990380587,48.9452915523242
121.436970540356,48.8253195140958
121.073960179719,48.7051370900772
120.710935829037,48.5848463387821
120.347873789331,48.4645497774142
119.984750514518,48.3443494644875
119.621542458511,48.2243477643091
119.258226075228,48.1046469647377
118.894777818585,47.9853492007355
118.5311739896,47.8665568366097
118.167391118639,47.7483720837707
117.803405659616,47.6308971536289
117.439193989999,47.5142344104916
117.074734092672,47.3984791854199
116.710024209322,47.2836408051095
116.345076112991,47.1696697310458
115.979902035411,47.0565152779894
115.614514131867,46.9441266842524
115.248924481193,46.8324532645955
114.883145162225,46.7214443337791
114.517188483143,46.6110492830123
114.151066522782,46.5012172741588
113.784791359979,46.3918977748758
113.418375226463,46.2830399470273
113.051830201072,46.1745931053738
112.685168439089,46.0665066411241
112.318402172246,45.9587298690389
111.951543402929,45.8512119509821
111.584604362871,45.7439023546107
111.217597207356,45.6367502417888
110.850533862322,45.52970615045
110.483419984945,45.4227537971013
110.116254199155,45.3159144343768
109.749034899538,45.2092113790157
109.381760251334,45.1026679477571
109.014428649127,44.9963074573402
108.647038258159,44.890153224504
108.279587396565,44.7842284895394
107.912074306035,44.6785565691854
107.544496157981,44.5731643732524
107.176835292839,44.4681205523363
106.809064647902,44.3635217371199
106.44115685467,44.2594648640791
106.073084544643,44.1560470225866
105.704820425769,44.0533652255669
105.336337053098,43.9515164859444
104.96760713458,43.85059796954
104.598603531058,43.7507060776915
104.229314393042,43.6518808693213
103.859757074303,43.5540563695248
103.48995206299,43.4571545245623
103.119919923705,43.361097510039
102.749681144596,43.26580750156
102.379256290265,43.1712064453856
102.00866592531,43.077216517121
101.637930614332,42.983759815923
101.267070692583,42.8907584409484
100.896106877561,42.7981344913542
100.525059657416,42.7058101427456
100.1539495203,42.6137073413827
99.7827971072601,42.5217482628707
99.4116227535509,42.4298550828148
99.0404471766686,42.3379498239236
98.6692907883159,42.2459545089056
98.2981741530921,42.1537914662626
97.927115771492,42.061390898674
97.5561102156843,41.9687800217434
97.1851369210699,41.8760473626311
96.8141749408075,41.7832828245673
96.4432034045045,41.6905761578855
96.0722014417681,41.5980170364708
95.7011481822058,41.5056952871052
95.3300227554246,41.4137006601222
94.9588042145836,41.3221229823034
94.5874717657385,41.2310518510859
94.2160044620481,41.140577246148
93.8443814331198,41.0507886884784
93.4725817321124,40.9617761577555
93.10058464153,40.8736292514162
92.7283691380832,40.7864378726905
92.3559143513793,40.7002916190155
91.9831994874738,40.6152803936211
91.6102047462506,40.5314888248033
91.2369398366471,40.4488722667401
90.8634456585169,40.3672486195216
90.4897647171289,40.2864292086817
90.1159392884067,40.2062254362027
89.7420120305156,40.1264484747219
89.368025142931,40.0469098026701
88.9940212838184,39.9674206691329
88.6200426526529,39.8877924760925
88.2461280851838,39.8078539028528
87.8722745999263,39.7276258962548
87.4984532994136,39.6472488154231
87.124635056834,39.5668645484489
86.7507908218238,39.4866150598716
86.3768913146748,39.4066423142306
86.0029073321265,39.3270883525138
85.6288098238158,39.2480950628123
85.2545696629306,39.1698038745272
84.8801694957013,39.0923007920242
84.5056123800609,39.0155744245029
84.1309033615988,38.9396032135354
83.756047638801,38.8643658300394
83.3810503337054,38.7898408684836
83.0059165683498,38.7160069233373
82.6306515412202,38.6428425126209
82.2552602979061,38.5703263072519
81.8797480368935,38.498436825251
81.5041198802204,38.4271526610871
81.1283809499243,38.3564524856776
80.7525363680432,38.2863147405949
80.376591333063,38.2167181732046
80.0005509670216,38.147641225079
79.6244203155085,38.0790625671356
79.2482046534579,38.010960717395
78.8719090264595,37.9433144232228
78.4955374098261,37.8761072482292
78.1190901857992,37.8093389630693
77.7425672014823,37.7430120905377
77.3659681510821,37.6771291534291
76.9892927288053,37.6116927509867
76.6125407817551,37.546705406005
76.2357120805867,37.4821697941756
75.8588062430584,37.4180883618448
75.4818230398253,37.3544637082557
75.1047623179906,37.2912984326513
74.7276237717611,37.2285950578263
74.3504071717919,37.1663561830237
73.9731122122895,37.1045844074868
73.5957386639091,37.0432821775617
73.2182863737539,36.9824521689399
72.8407549595825,36.9220968279678
72.4631441920497,36.8622189067851
72.0854538418107,36.8028214633249
71.7076840617619,36.7439113014879
71.3298346990069,36.6854962190034
70.951905829994,36.6275842429455
70.573897684068,36.5701832474916
70.1958101083325,36.5133011068193
69.8176432556839,36.4569457715543
69.4393972025707,36.4011250394257
69.0610719489928,36.3458469375078
68.6826675713985,36.2911192635296
68.304184069788,36.2369499681169
67.9256215970577,36.1833470018955
67.5469800767595,36.1303181625947
67.1682596617898,36.0778714772884
66.7894604285972,36.0260147437059
66.4105823771815,35.9747558360245
66.0316255075427,35.9241027813185
65.6525903548192,35.8740598606941
65.2734812001172,35.8245955774413
64.8943046179925,35.7756578702508
64.5150671830011,35.7271944484685
64.1357753932507,35.6791530978882
63.7564358997455,35.6314813749592
63.3770552770415,35.5841271419237
62.9976400996946,35.5370379552308
62.6181968658125,35.4901616006747
62.2387323028477,35.443445787601
61.8592529089078,35.3968382253554
61.4797651821005,35.3502865468354
61.1002758498784,35.303738537835
60.7207913339007,35.2571419076999
60.3413183616202,35.2104442893275
59.9618634311443,35.1635933920636
59.5824331170291,35.1165369252538
59.2030336880371,35.0692248152454
58.8236659086517,35.0216527809321
58.4443247332834,34.9738604225462
58.0650052692393,34.925888945735
57.6857024709301,34.8777797854905
57.306411216318,34.8295743003566
56.9271264598135,34.7813136959803
56.5478431558272,34.7330394073539
56.1685563352179,34.6847926401244
55.7892608759479,34.6366148292841
55.4099516559794,34.5885472569284
55.0306237826196,34.5406312816011
54.6512721338307,34.4929081853977
54.2718916640234,34.4454193268619
53.892477327608,34.3982060645377
53.5130240789953,34.3513096040721
53.1335268725957,34.3047713804573
52.7539806628199,34.2586322170987
52.3743846851844,34.2128987650008
51.9947443675205,34.1675240084436
51.6150659785908,34.1224561154628
51.2353557107095,34.0776432540941
50.8556196032944,34.0330335923731
50.4758638486598,33.9885752983356
50.09609463912,33.9442165400171
49.7163181669893,33.8999055619018
49.3365404716855,33.8555903791286
48.956767821971,33.8112192361815
48.5770063337121,33.7667403775445
48.1972621992228,33.7221018183567
47.8175415343694,33.6772518795504
47.437850531466,33.6321385762646
47.0581953063788,33.5867101529832
46.6785820514219,33.5409148541904
46.2990168824614,33.4947006950251
45.9194962064261,33.4481048293733
45.5399259154278,33.4019810321281
45.160163280444,33.3576232676378
44.7800651137618,33.3163293226672
44.3994949551214,33.2793428585666
44.018714487139,33.244703740284
43.6385982022038,33.2055173991843
43.2600729598079,33.1544686479483
42.8840656194429,33.0842423757053
42.5178370136689,32.9801235795212
42.1990724207251,32.7950644312472
41.9720646240254,32.5030725003956
41.8520499276317,32.1351986502201
41.8308028740196,31.7578549166864
41.9261475430509,31.4112215455671
42.1127147874315,31.0899879010719
42.3325714549175,30.7771310053363
42.5641071330081,30.4690642087463
42.7982018423285,30.1641217023008
43.0342779393354,29.8617925818443
43.2719596040631,29.5615928530312
43.5108711694429,29.2630388273097
43.7506368919574,28.9656467396793
43.9908810280896,28.668932672243
44.2312279872189,28.3724129364487
44.4713018729314,28.0756037672961
44.7107431487548,27.7780559544278
44.9493045043579,27.4795623993313
45.1867864860608,27.1800191322847
45.4229897166321,26.8793223364628
45.6577149717368,26.5773683479368
45.8907628741436,26.2740535792265
46.1219341995174,25.9692743664032
46.3510296470752,25.6629268926415
46.5778536620017,25.354910322601
46.8023407280823,25.0452139535161
47.0245843416186,24.7339384678306
47.2446878607459,24.4211911225447
47.4627546435994,24.1070792511065
47.678888124763,23.7917100340676
47.8931915094753,23.4751909577729
48.10576823232,23.1576291263258
48.316721574984,22.839132026071
48.5261513025315,22.5197972815196
48.7341071828221,22.1995927843751
48.9406035881408,21.8783934651779
49.1456538204961,21.5560720374668
49.349271258345,21.2325011383326
49.5514694330409,20.9075535577623
49.7522615701441,20.5811021621918
49.9516612010081,20.2530195122631
50.1496050264198,19.9231571453294
50.3346213636319,19.5882058427477
50.4718341045543,19.2383720389522
50.5284766561762,18.8659503543729
50.5050295726683,18.482483186458
50.4134328592166,18.1077197367885
50.2514888558236,17.7635829386175
50.0118412459711,17.4726954567166
49.7042287817763,17.2526449162785
49.3575659780518,17.1147374894272
48.990944045646,17.0546191382625
48.6111029746807,17.0505330517415
48.2241164316778,17.0797830218041
47.8360574715722,17.1196736813217
47.4515399801206,17.1523047314525
47.0702350766289,17.1760154852332
46.6907686789043,17.1925794673547
46.3117667812022,17.2037705083012
45.9321218001904,17.2125069464297
45.5516241910104,17.2255627149186
45.1702529303726,17.2505222520876
44.7879872243328,17.2949699962563
44.4054715322704,17.3664645462105
44.0312865670759,17.4722552672615
43.679229798887,17.6193884015211
43.3631902829349,17.8149063686851
43.0969683943935,18.0657766690905
42.8852410124392,18.3712289329669
42.7157631795175,18.7161412229462
42.5744525790321,19.0838329732117
42.4472268943862,19.4576240001876
42.3213222367957,19.8230793311546
42.1917831493881,20.1790621030719
42.0565177001992,20.5293120915486
41.9134380090257,20.877576487681
41.7602627814026,21.2265507065107
41.5935691200278,21.5727393777237
41.4095181722634,21.9103893061765
41.204270550333,22.2337441623444
40.9742144531237,22.5372924042392
40.7215807956547,22.8218077653577
40.4548006049961,23.0947330252735
40.1826039740655,23.3638332696981
39.9137200784006,23.6368720553765
39.6537413423173,23.9186710546124
39.398357532806,24.2047625508468
39.1413089845703,24.4888499542421
38.8763359558655,24.7646367514097
38.59744099915,25.0257991369083
38.3015200830852,25.2657119460001
37.9872633420711,25.4775629448959
37.6533878967667,25.6545373005634
37.2990518217691,25.7907428348045
36.928193428987,25.8902858929461
36.5476770899673,25.9633938083503
36.1644092992839,26.020382135746
35.7852432670281,26.0714983144046
35.412472978087,26.1211855974214
35.0404172516394,26.1637342123013
34.6625902882436,26.1924099789951
34.2725063649064,26.2004786410051
33.8720959547298,26.1750925986311
33.5100643619964,26.0694282466613
33.2495084410597,25.8283360692603
33.1148642874077,25.4714181049836
33.0926552080742,25.0887908748151
33.1622925224217,24.7244306661032
33.2978281399911,24.3748665719982
33.4730952516656,24.0346933901316
33.6625343538217,23.6986292292834
33.8533907314744,23.3639907532475
34.0451044006432,23.0305694874417
34.2375999068314,22.6982554227264
34.4308018719906,22.3669383970652
34.6246347651758,22.0365082484219
34.8190232083384,21.7068548912086
35.0138918234301,21.3778681633889
35.2091652324025,21.0494380558233
35.4047679807589,20.7214543300272
35.6006246140025,20.3938069768609
35.7966597540848,20.0663857578398
35.9927979465092,19.7390806638244
36.1889638896756,19.4117815327783
36.3850820526388,19.0843782791136
36.5810769809023,18.7567607407941
36.7768734493141,18.4288188322317
36.9723974558957,18.1004440732534
37.1676732347662,17.771631265373
37.3628795985576,17.4425380450367
37.5582090441522,17.1133365738722
37.7538540684323,16.7841988606107
37.9500071682801,16.4552969139835
38.1468607641295,16.1268028191699
38.3446074293111,15.7988886613495
38.5434395078106,15.4717264492534
38.743496059131,15.1454573064895
38.9438465542609,14.819602284302
39.1425738985551,14.4931109062575
39.3377239199311,14.1649110610467
39.5273425227543,13.8339306373603
39.709475534942,13.4990976003374
39.8821688608599,13.159339915117
40.0434684813219,12.8135855468381
40.1914189246237,12.4607633015714
40.3233559666404,12.1003545538803
40.4347107496789,11.7333244638674
40.5205983786706,11.3608843552419
40.5761338820987,10.9842459339543
40.5970691029933,10.604657524703
40.5849229166748,10.2237029074363
40.5442809994678,9.84314398669966
40.4797572371287,9.46474411955661
40.395958176375,9.09024915640437
40.2970630942358,8.72039345985253
40.186602680151,8.35437638659377
40.0680534981469,7.99126870723813
39.9448920358011,7.63014126884402
39.8198332789263,7.27020290769641
39.6919830114655,6.91131525232708
39.5593791871584,6.5535332690817
39.420059759745,6.1969118478576
39.2717092623586,5.84214835027508
39.1103488654783,5.49296542751824
38.9315100116132,5.15397589506707
38.7307243726176,4.82979272129817
38.5037180284361,4.52494348180919
38.2498079132851,4.24238038156523
37.9714705706518,3.98366961739984
37.6712902597134,3.75033006463338
37.3518526921649,3.54387463561688
37.0162997412658,3.36349962911001
36.6691771008667,3.20255549335909
36.3152484954411,3.05348485275156
35.9592775730142,2.90873040812315
35.605655372475,2.76124821081171
35.255621962103,2.60833512449487
34.908832942194,2.44947130056286
34.564931604864,2.28415340324414
34.22345574354,2.11225047655804
33.8830542105267,1.93676403463927
33.5419310053258,1.76226224714604
33.1982869930576,1.59332520967522
32.8503346589877,1.43453951593133
32.4968619913722,1.29082025807124
32.1374821616867,1.16755344993361
31.7718720228617,1.07016172410476
31.3997085807242,1.00406733092935
31.0210579630753,0.972552196998068
30.6377110483755,0.969417968571216
30.2519358290816,0.98584258539632
29.8660001447536,1.0130042165659
29.4821047897706,1.04255906254845
29.101304521672,1.07429903100345
28.7236956653473,1.11482015985705
28.3493453424259,1.17092810834248
27.9782902481037,1.24899652620859
27.6100612190104,1.34815703693214
27.2437700020584,1.46153900020366
26.8785154243928,1.58209013449361
26.5133987595054,1.70276977841782
26.1482535793929,1.81993509284346
25.7846708501459,1.93810065715293
25.4245000096421,2.06297968401571
25.0695901899656,2.20028569189462
24.7217188146718,2.3552231298565
24.3820874985326,2.52893528260118
24.0516223365564,2.72061936626823
23.7312477418889,2.92946082395517
23.4218879747788,3.15464471651788
23.1244674483714,3.39535641060553
22.8399104229158,3.65078096707405
22.5691412351089,3.9201037525726
22.31305035504,4.20249706108681
22.0710690836197,4.49657771307311
21.8406503920051,4.8002093600904
21.619105974849,5.11120191052512
21.4037475268039,5.42736534921204
21.1918869718675,5.7465095080893
20.9808359282441,6.06644437199165
20.7679062434831,6.38497992575388
20.5504097651338,6.69992607776241
20.3258408228971,7.00924081680916
20.0945620111783,7.31320799552471
19.85921484895,7.61395968124398
19.622503772156,7.91367862654131
19.3871288591857,8.21454444960975
19.1547667747022,8.51790868038631
18.9247447734459,8.82322310793269
18.6960622997396,9.12967401627798
18.467719715286,9.43644860683118
18.2389772296446,9.7429440081016
18.0096885971696,10.0490357622162
17.7797896777165,10.3546663035863
17.5492166369338,10.6597777608299
17.3179054111253,10.96431249191
17.0857920130429,11.2682126254446
16.8528124554387,11.5714204429483
16.618902827513,11.8738782259357
16.3839990655694,12.1755282559216
16.1480372588084,12.476312661524
15.9109533435335,12.7761738007058
15.6726834089452,13.0750538785333
15.4331633913471,13.3728951765212
15.1923293799395,13.6696398232875
14.9501173874744,13.9652302532435
14.7064633502555,14.2596085950072
14.4613034339316,14.5527170536449
14.214240183661,14.8442353871234
13.9635430387115,15.1327926476311
13.7071482765509,15.4167555167051
13.4429917924051,15.694490522986
13.1686609535865,15.963532055097
12.8765698692574,16.2090736779076
12.5552137545456,16.4069216371198
12.2008875413819,16.5436873082378
11.827250863574,16.6302687057786
11.446630937074,16.6773951228057
11.0633720143963,16.6883432874237
10.6807617557559,16.6654035150002
10.3020880507128,16.6108661973512
9.93022550918233,16.5273167403785
9.56510418094716,16.4194456310603
9.20537536465826,16.2928572196513
8.84968477823891,16.1531596788226
8.4966910593793,16.0059026982765
8.14550916582132,15.8545253059115
7.7958261945709,15.699819200581
7.44736578493329,15.5424083535132
7.09985134686879,15.3829166594883
6.75300644323431,15.2219679368379
6.40655456043847,15.0601862332387
6.06021926133821,14.8981954434707
5.71372395589379,14.7366193858656
5.366805814764,14.5760506113903
5.01939114176357,14.4166420931429
4.671545453107,14.2582236571521
4.3233373993901,14.1006177904074
3.97483563120869,13.9436469034498
3.62610887560691,13.7871335597172
3.27722578318058,13.6309000933022
2.92825508097385,13.4747690676426
2.5792653431342,13.3185632755213
2.23030649041783,13.1621614698947
1.88138899624527,13.0055602870367
1.53251859424089,12.8487711177475
1.18370101802905,12.6918055821727
0.83494177188917,12.5346749946643
0.486246512997277,12.3773908989193
0.137621051426074,12.2199646092899
-0.210929108545034,12.0624077459215
-0.559398309740011,11.9047316996145
-0.907780818534477,11.7469479376175
-1.25607105420071,11.5890678507312
-1.60426335956267,11.4311029062041
-1.95235200099597,11.2730646477333
-2.30033147422123,11.1149644661194
-2.64819596916575,10.956813828611
-2.99593998155012,10.7986241260085
-3.34355777774997,10.6404069784574
-3.69107955485368,10.4822025213282
-4.03866677172355,10.3241570767149
-4.3865108549653,10.1664409714856
-4.73480330763296,10.0092245325082
-5.08373555633224,9.85267816309917
-5.43349910411717,9.69697211367811
-5.78428545404178,9.54227694045804
-6.13628595626347,9.38876289385865
-6.48967246661675,9.23657545504235
-6.84180071398945,9.08230250592107
-7.18430434659422,8.91530297479812
-7.50812309119802,8.72405892768956
-7.80419659811947,8.49705250705973
-8.06574481831421,8.22531953522005
-8.30095093338298,7.91665315441731
-8.51508360898561,7.58415117971919
-8.65491172355338,7.23144047255859
-8.64984335250495,6.86617045233136
-8.47564491196517,6.54170770703808
-8.20137928356778,6.27254362826215
-7.90006256827871,6.03520231147715
-7.59222213517888,5.80697248830292
-7.28695051869448,5.57619127873137
-6.98379720884648,5.34322441154911
-6.68182670748233,5.1090492785908
-6.38010366934608,4.87464319524277
-6.07789862452093,4.64076743392502
-5.77515530703972,4.40747757256978
-5.4719550579202,4.17468516046509
-5.16837906528348,3.94230167045063
-4.86450851725069,3.71023857536608
-4.56042467839124,3.47840742449947
-4.25620873682625,3.24671976713883
-3.95194195712517,3.01508707612383
-3.64770124630289,2.78342548764199
-3.34351450799805,2.55170465170831
-3.03937868427762,2.31992808494573
-2.73528987627705,2.0880999155638
-2.43124456737339,1.85622427177206
-2.12723893515038,1.62430512888342
-1.82326938653675,1.39234669155576
-1.51933202266793,1.16035301155028
-1.21542325047265,0.928328293524868
-0.911539400431306,0.696276436344092
-0.607676726575978,0.464201797562475
-0.303831482938743,0.232108199596275
